{
	"NN": [
		{
			"n_neurons_pre": 4,
			"n_neurons_pos": 3,
			"weight": [ -0.82890713214874268, -0.39039885997772217, 0.47821283340454102, 0.0358164943754673, -0.57381510734558105, 1.3051179647445679, 0.49906310439109802, 0.58309274911880493, 0.5601428747177124, 1.9613391160964966, 1.2027039527893066, 0.11873533576726913 ]
		},
		{
			"n_neurons_pre": 3,
			"n_neurons_pos": 2,
			"weight": [ 1.825238823890686, 0.51598256826400757, 0.59050267934799194, 0.69351482391357422, 1.0036683082580566, -0.48068481683731079 ]
		}
	]
}