{
	"NN": [
		{
			"n_neurons_pre": 4,
			"n_neurons_pos": 3,
			"weight": [ -0.2022949755191803, -1.1435590982437134, -0.32275766134262085, 0.52417975664138794, -0.18326978385448456, 0.59317606687545776, 0.43121433258056641, 0.30026546120643616, 0.43040251731872559, 0.82868736982345581, -0.47686398029327393, 1.4204046726226807 ]
		},
		{
			"n_neurons_pre": 3,
			"n_neurons_pos": 2,
			"weight": [ 1.7979124784469604, 1.7238743305206299, 0.76902377605438232, 0.47746208310127258, 0.068990141153335571, 0.9410138726234436 ]
		}
	]
}