{
	"NN": [
		{
			"n_neurons_pre": 4,
			"n_neurons_pos": 3,
			"weight": [ 0.034333322197198868, 0.24927517771720886, 0.46964934468269348, 0.41563159227371216, 0.64833521842956543, 0.56199836730957031, 0.014648884534835815, 0.48933377861976624, 0.82650226354598999, 0.2537919282913208, 0.98895227909088135, 0.23178808391094208 ]
		},
		{
			"n_neurons_pre": 3,
			"n_neurons_pos": 2,
			"weight": [ 0.15976439416408539, 0.90191352367401123, 0.11062959581613541, 0.63948482275009155, 0.70632040500640869, 0.68977934122085571 ]
		}
	]
}