{
	"NN": [
		{
			"n_neurons_pre": 4,
			"n_neurons_pos": 3,
			"weight": [ 0.73950010538101196, 0.16537366807460785, -0.82500684261322021, 0.38419747352600098, 0.4927518367767334, 0.30872520804405212, 0.66930139064788818, 0.86223948001861572, 0.10618000477552414, 0.93163847923278809, 0.9836421012878418, -0.3575853705406189 ]
		},
		{
			"n_neurons_pre": 3,
			"n_neurons_pos": 1,
			"weight": [ -0.74095892906188965, 1.0400768518447876, -0.66369205713272095 ]
		}
	]
}