{
	"NN": [
		{
			"n_neurons_pre": 4,
			"n_neurons_pos": 3,
			"weight": [ 0.20435804128646851, -0.32114627957344055, 0.68861353397369385, -0.48226571083068848, 1.0903836488723755, 0.23435775935649872, 0.37990659475326538, 0.81032752990722656, 0.4842066764831543, 0.1793450266122818, 0.33455610275268555, 0.47841423749923706 ]
		},
		{
			"n_neurons_pre": 3,
			"n_neurons_pos": 2,
			"weight": [ 0.73341470956802368, 0.31162449717521667, -0.058778643608093262, 0.84249401092529297, 0.85116732120513916, 0.53291422128677368 ]
		}
	]
}