{
	"NN": [
		{
			"n_neurons_pre": 4,
			"n_neurons_pos": 3,
			"weight": [ 0.59913939237594604, 0.17703787982463837, 0.92385631799697876, 0.52851957082748413, 0.81939148902893066, 0.21173742413520813, 0.0010376293212175369, 0.95025485754013062, 0.0024719992652535439, 0.093142494559288025, 0.7386699914932251, 0.57060456275939941 ]
		},
		{
			"n_neurons_pre": 3,
			"n_neurons_pos": 2,
			"weight": [ 0.70638144016265869, 0.093142494559288025, 0.9834589958190918, 0.36146122217178345, 0.97885066270828247, 0.67848747968673706 ]
		}
	]
}