{
	"NN": [
		{
			"n_neurons_pre": 4,
			"n_neurons_pos": 3,
			"weight": [ 0.26651203632354736, 0.027216415852308273, 0.73810845613479614, 0.26609086990356445, 0.082015432417392731, 0.18853726983070374, 0.84350723028182983, 1.1431440114974976, 0.38723102211952209, 0.31615346670150757, 0.37542039155960083, 0.87068086862564087 ]
		},
		{
			"n_neurons_pre": 3,
			"n_neurons_pos": 2,
			"weight": [ 1.0320017337799072, 0.30798059701919556, 0.99685662984848022, 0.28959012031555176, -0.095803700387477875, 0.56862092018127441 ]
		}
	]
}