{
	"NN": [
		{
			"n_neurons_pre": 4,
			"n_neurons_pos": 3,
			"weight": [ -0.64543592929840088, -0.65997493267059326, 0.96685075759887695, 0.66606652736663818, -0.95291602611541748, 0.74635457992553711, 0.2586199939250946, 0.67446517944335938, -0.87473374605178833, -0.17447429895401001, 0.9937865138053894, -1.0214667320251465 ]
		},
		{
			"n_neurons_pre": 3,
			"n_neurons_pos": 1,
			"weight": [ 0.50387269258499146, 0.19762566685676575, -0.016846239566802979 ]
		}
	]
}