{
	"NN": [
		{
			"n_neurons_pre": 4,
			"n_neurons_pos": 3,
			"weight": [ 0.13810847699642181, 0.21466717123985291, 0.0078066401183605194, 0.62531816959381104, 0.085415184497833252, -0.04296392947435379, 0.51706898212432861, 0.62006282806396484, 0.73876762390136719, 0.26918548345565796, 1.2100406885147095, 0.51598864793777466 ]
		},
		{
			"n_neurons_pre": 3,
			"n_neurons_pos": 2,
			"weight": [ -0.062007497996091843, 1.576311469078064, 0.2760765552520752, 0.85005038976669312, 0.85682547092437744, 1.5040985345840454 ]
		}
	]
}