{
	"NN": [
		{
			"n_neurons_pre": 4,
			"n_neurons_pos": 3,
			"weight": [ -0.39587390422821045, -0.31515854597091675, -0.59648424386978149, 0.7205541729927063, 0.4528946578502655, -0.20363175868988037, 0.037574410438537598, 0.84989160299301147, 0.010406799614429474, -0.046302665024995804, 1.331961989402771, 0.073232151567935944 ]
		},
		{
			"n_neurons_pre": 3,
			"n_neurons_pos": 2,
			"weight": [ 1.5122530460357666, 1.3375651836395264, 0.47826167941093445, 0.67731559276580811, 0.15183566510677338, 0.12065795063972473 ]
		}
	]
}