{
	"NN": [
		{
			"n_neurons_pre": 4,
			"n_neurons_pos": 3,
			"weight": [ 40, -0.67191380262374878, -0.99439066648483276, -0.093984797596931458, 0.15306861698627472, 1.4261360168457031, 1.2890468835830688, 0.58073055744171143, 0.58506423234939575, 1.0718528032302856, 0.39766225218772888, 1.5056185722351074 ]
		},
		{
			"n_neurons_pre": 3,
			"n_neurons_pos": 2,
			"weight": [ 1.2946134805679321, 1.9821528196334839, 0.077077575027942657, 0.85560476779937744, 0.62235170602798462, 0.83787345886230469 ]
		}
	]
}