{
	"NN": [
		{
			"n_neurons_pre": 4,
			"n_neurons_pos": 3,
			"weight": [ 1.2988921403884888, 0.9912717342376709, 0.75336772203445435, -0.23344828188419342, 0.67586296796798706, 0.6586260199546814, 0.40683618187904358, 0.28870508074760437, 0.11570789664983749, 0.75989866256713867, -0.078060239553451538, 0.64155399799346924 ]
		},
		{
			"n_neurons_pre": 3,
			"n_neurons_pos": 2,
			"weight": [ 0.2971464991569519, 0.69117099046707153, 0.91419416666030884, 0.06813560426235199, 0.52383190393447876, 0.14396800100803375 ]
		}
	]
}