{
	"n_input": 4,
	"n_output": 1,
	"input": [ 523.35882568359375, 1275.3936767578125, 1678.2586669921875, 626.77728271484375, 523.43438720703125, 1275.5848388671875, 1676.9306640625, 626.28350830078125, 524.54034423828125, 1278.309814453125, 1672.1259765625, 624.50775146484375, 525.42803955078125, 1280.4517822265625, 1667.2762451171875, 622.6875, 524.66729736328125, 1278.2574462890625, 1666.818359375, 622.31939697265625, 522.76068115234375, 1273.2799072265625, 1668.787353515625, 622.86474609375, 519.80584716796875, 1266.226318359375, 1671.9595947265625, 624.12994384765625, 516.54986572265625, 1258.2867431640625, 1675.44873046875, 625.43096923828125, 512.85784912109375, 1249.2945556640625, 1679.3956298828125, 626.90264892578125, 508.73117065429688, 1239.2459716796875, 1683.8065185546875, 628.5498046875, 504.17266845703125, 1228.1400146484375, 1688.6820068359375, 630.37091064453125, 499.1785888671875, 1215.9759521484375, 1694.0216064453125, 632.36273193359375, 493.75204467773438, 1202.7564697265625, 1699.8223876953125, 634.5301513671875, 487.89044189453125, 1188.4783935546875, 1706.091064453125, 636.8692626953125, 481.59429931640625, 1173.1397705078125, 1712.827880859375, 639.3834228515625, 474.83810424804688, 1156.6842041015625, 1720.0927734375, 642.0980224609375, 467.64688110351563, 1139.176513671875, 1727.8167724609375, 644.98492431640625, 460.0225830078125, 1120.5885009765625, 1736.0406494140625, 648.0469970703125, 535.218505859375, 2000, 1102.9814453125, 575.03155517578125, 602.98291015625, 2000, 971.62353515625, 520.8408203125, 649.55712890625, 2000, 909.4022216796875, 474.10955810546875, 585.76275634765625, 1563.0037841796875, 1220.455322265625, 499.3167724609375, 589.2083740234375, 1572.1954345703125, 1197.626708984375, 489.975830078125, 592.80670166015625, 1581.7919921875, 1173.7852783203125, 480.2169189453125, 596.55316162109375, 1591.7991943359375, 1148.9295654296875, 470.052001953125, 600.4547119140625, 1602.20849609375, 1123.0631103515625, 459.47152709960938, 604.50897216796875, 1613.0389404296875, 1096.177490234375, 448.4752197265625, 608.712890625, 1624.2398681640625, 1068.29833984375, 437.0625, 613.07086181640625, 1635.8743896484375, 1039.3922119140625, 425.24050903320313, 531.87493896484375, 1115.7740478515625, 1692.31005859375, 498.90069580078125, 485.35110473632813, 1018.1796264648438, 1950.3021240234375, 543.654541015625, 521.46197509765625, 1464.325927734375, 1152.16650390625, 491.18743896484375, 536.4107666015625, 1506.288818359375, 1152.8631591796875, 468.50741577148438, 551.81561279296875, 1507.833740234375, 1189.778564453125, 445.13156127929688, 567.6815185546875, 1447.9169921875, 1227.7808837890625, 441.82284545898438, 584.0096435546875, 1386.3060302734375, 1266.8363037109375, 455.89419555664063, 567.97064208984375, 1323.031982421875, 1306.8858642578125, 470.33981323242188, 540.028076171875, 1257.9306640625, 1348.1492919921875, 485.18325805664063, 511.34942626953125, 1191.1500244140625, 1390.431884765625, 500.41281127929688, 481.912841796875, 1122.5882568359375, 1433.867919921875, 516.052978515625, 451.74386596679688, 1052.3360595703125, 1478.334228515625, 532.07000732421875, 420.88900756835938, 980.52142333984375, 1523.69189453125, 548.4415283203125, 389.8302001953125, 908.13995361328125, 1715.5826416015625, 564.93878173828125, 429.19815063476563, 1314.5806884765625, 1127.9776611328125, 503.99227905273438, 487.95388793945313, 1326.39599609375, 1073.5556640625, 447.69680786132813, 505.20877075195313, 1338.274169921875, 1019.0931396484375, 424.99697875976563, 509.67901611328125, 1350.154052734375, 964.62957763671875, 402.291259765625, 514.20477294921875, 1362.2261962890625, 910.02532958984375, 379.54153442382813, 518.73358154296875, 1374.2698974609375, 855.42535400390625, 356.78018188476563, 523.23681640625, 1386.1749267578125, 800.92340087890625, 334.0443115234375, 527.7705078125, 1398.2442626953125, 746.314453125, 311.27932739257813, 532.3050537109375, 1410.363525390625, 691.69976806640625, 288.5179443359375, 536.8778076171875, 1422.55126953125, 637.0177001953125, 265.71942138671875, 541.46630859375, 1434.782958984375, 606.471435546875, 242.90774536132813, 495.84197998046875, 1033.3817138671875, 997.93707275390625, 268.07199096679688, 430.73590087890625, 880.31878662109375, 1292.3887939453125, 347.19131469726563, 359.46417236328125, 727.22869873046875, 1586.8759765625, 426.3131103515625, 342.06680297851563, 795.7259521484375, 1212.7296142578125, 424.87960815429688, 310.63009643554688, 722.63482666015625, 1278.3485107421875, 447.90106201171875, 279.18453979492188, 649.490966796875, 1344.0567626953125, 470.92984008789063, 356.42300415039063, 1191.5562744140625, 802.849365234375, 378.90231323242188, 414.7259521484375, 1386.58056640625, 674.79827880859375, 318.48074340820313, 473.05816650390625, 1581.6837158203125, 546.7264404296875, 258.04080200195313, 439.47732543945313, 984.3526611328125, 776.23565673828125, 256.96218872070313, 396.63955688476563, 888.42926025390625, 885.84405517578125, 293.25933837890625, 353.82659912109375, 792.561767578125, 995.34326171875, 329.52764892578125, 311.0352783203125, 696.73272705078125, 1104.750732421875, 365.77191162109375, 268.24658203125, 600.90478515625, 1214.1285400390625, 402.01010131835938, 251.3099365234375, 856.53271484375, 986.31158447265625, 399.85775756835938, 308.95001220703125, 1160.4296875, 949.82611083984375, 385.08267211914063, 389.84133911132813, 1464.3284912109375, 858.22979736328125, 370.30908203125, 414.71566772460938, 1261.65869140625, 900.8341064453125, 388.31146240234375, 452.75259399414063, 1377.448974609375, 825.6619873046875, 355.9219970703125, 448.82186889648438, 1067.11181640625, 1042.612060546875, 355.302734375, 360.99429321289063, 743.0533447265625, 1428.2647705078125, 463.67974853515625, 291.16952514648438, 599.34112548828125, 1500.14501953125, 521.23309326171875, 261.229736328125, 932.06158447265625, 1159.0302734375, 486.74700927734375, 329.791748046875, 1224.734130859375, 1099.0517578125, 461.990234375, 392.9559326171875, 1261.6744384765625, 1010.3984985351563, 450.86395263671875, 340.42333984375, 804.7369384765625, 1366.7816162109375, 519.328857421875, 313.67800903320313, 776.8577880859375, 1373.87353515625, 522.03643798828125, 286.29168701171875, 1142.049072265625, 1234.2471923828125, 524.745361328125, 377.82803344726563, 1507.20703125, 1077.374755859375, 527.45660400390625, 370.41287231445313, 906.62689208984375, 1518.629150390625, 550.84814453125, 353.587646484375, 865.42218017578125, 1421.875, 565.40130615234375, 336.748779296875, 1227.603759765625, 1262.525634765625, 579.968994140625, 364.54632568359375, 1954.473388671875, 1103.1533203125, 551.63482666015625, 381.0047607421875, 1059.43212890625, 1507.181396484375, 574.01458740234375, 397.79635620117188, 1106.199951171875, 1335.3809814453125, 586.546630859375, 414.57611083984375, 2000, 1163.626220703125, 595.83184814453125, 364.51760864257813, 972.85357666015625, 1628.5567626953125, 591.2508544921875, 333.09951782226563, 1014.9867553710938, 1542.8226318359375, 628.71990966796875, 371.43716430664063, 1131.8094482421875, 1389.6129150390625, 657.05267333984375, 409.76699829101563, 1248.6126708984375, 1236.418701171875, 611.13604736328125, 373.82861328125, 1042.9041748046875, 1446.09326171875, 611.02752685546875, 349.02011108398438, 1751.9808349609375, 1244.15087890625, 591.26739501953125, 434.78707885742188, 1675.46337890625, 1173.76513671875, 586.302978515625, 456.40585327148438, 1414.4622802734375, 1233.9700927734375, 557.92279052734375, 498.50808715820313, 2000, 1130.482177734375, 511.1312255859375, 404.13839721679688, 953.65167236328125, 1459.8289794921875, 611.15142822265625, 348.35037231445313, 1209.1468505859375, 1366.06982421875, 607.54376220703125, 409.84957885742188, 1464.6624755859375, 1272.3056640625, 565.84320068359375, 481.33941650390625, 1720.205810546875, 1153.7496337890625, 524.15240478515625, 392.9404296875, 846.5738525390625, 1730.36328125, 662.7567138671875, 337.9307861328125, 